subreddit,rows_total
Adulting,95297
Advice,930233
Aquariums,416117
AskCulinary,96133
AskPhotography,69171
AskProgramming,23239
AskScienceDiscussion,15275
Ask_Politics,2234
CURRENTEVENTS,8
ChubbyFIRE,8710
CodingHelp,7778
Cooking,540240
CryptoMarkets,38398
Games,637217
GardeningIndoors,2162
GradSchool,39394
HENRYfinance,5679
Horses,48458
ITCareerQuestions,110866
IndieGaming,37250
IndoorGarden,49197
LocalLLaMA,1685
NeutralPolitics,2695
NewTubers,124309
OutOfTheLoop,383712
PartneredYoutube,18449
Pets,38364
PoliticalDiscussion,162561
Students,138
TooAfraidToAsk,905615
TrueReddit,25974
WritingHub,2814
advertising,14531
algotrading,29108
answers,54883
artificial,18270
biology,72342
budgetcooking,1927
content_marketing,3287
copywriting,19280
csMajors,127868
cscareerquestions,336595
digital_marketing,6028
dropship,25737
ecommerce,30185
ethereum,54626
fantasywriters,73758
fantasywriting,225
fatFIRE,83080
financialindependence,159180
forhire,28477
freelance,7537
freelanceWriters,22744
hardware,134678
inthenews,196609
labrats,78573
languagelearning,140200
leanfire,16536
learnmath,48822
learnprogramming,175033
medical,113371
medicine,127976
moderatepolitics,206129
pcgaming,542530
photography,104221
relationship_advice,3421476
scifiwriting,22450
shopify,35669
singularity,165297
smallbusiness,151978
socialskills,156930
solotravel,109187
suggestmeabook,360763
technews,132627
whatsthatbook,45235
writingadvice,10186
writingcenters,2
youtubers,40091
